Owner,IpStart,IpEnd,Maintainer,LastSeenOn
"","82.38.160.1","82.38.163.254","netutils-mnt","02/02/2026 01:17:00"
"","82.38.164.1","82.38.167.254","netutils-mnt","02/02/2026 01:17:00"
"","82.38.224.1","82.38.227.254","netutils-mnt","02/02/2026 01:17:00"
"","82.38.228.1","82.38.231.254","netutils-mnt","02/02/2026 01:17:00"
"","82.38.232.1","82.38.235.254","netutils-mnt","02/02/2026 01:17:00"
"","82.38.236.1","82.38.239.254","netutils-mnt","02/02/2026 01:17:00"
"","82.38.240.1","82.38.243.254","netutils-mnt","02/02/2026 01:17:00"
"","82.38.244.1","82.38.247.254","netutils-mnt","02/02/2026 01:17:00"
"","82.38.248.1","82.38.251.254","netutils-mnt","02/02/2026 01:17:00"
"","82.38.252.1","82.38.255.254","netutils-mnt","02/02/2026 01:17:00"
"","82.39.156.1","82.39.159.254","netutils-mnt","02/02/2026 01:17:00"
"","82.39.176.1","82.39.179.254","netutils-mnt","02/02/2026 01:17:00"
"","82.39.180.1","82.39.183.254","netutils-mnt","02/02/2026 01:17:00"
"","82.39.216.1","82.39.219.254","netutils-mnt","02/02/2026 01:17:00"
"","82.39.224.1","82.39.227.254","netutils-mnt","02/02/2026 01:17:00"
"","82.40.0.1","82.40.3.254","netutils-mnt","02/02/2026 01:17:00"
"","82.40.12.1","82.40.15.254","netutils-mnt","02/02/2026 01:17:00"
"","82.40.16.1","82.40.19.254","netutils-mnt","02/02/2026 01:17:00"
"","82.40.4.1","82.40.7.254","netutils-mnt","02/02/2026 01:17:00"
"","82.40.8.1","82.40.11.254","netutils-mnt","02/02/2026 01:17:00"
"","82.41.100.1","82.41.103.254","netutils-mnt","02/02/2026 01:17:00"
"","82.41.104.1","82.41.107.254","netutils-mnt","02/02/2026 01:17:00"
"","82.41.108.1","82.41.111.254","netutils-mnt","02/02/2026 01:17:00"
"","82.41.124.1","82.41.127.254","netutils-mnt","02/02/2026 01:17:00"
"","82.41.148.1","82.41.151.254","netutils-mnt","02/02/2026 01:17:00"
"","82.41.152.1","82.41.155.254","netutils-mnt","02/02/2026 01:17:00"
"","82.41.160.1","82.41.163.254","netutils-mnt","02/02/2026 01:17:00"
"","82.41.164.1","82.41.167.254","netutils-mnt","02/02/2026 01:17:00"
"","82.41.172.1","82.41.175.254","netutils-mnt","02/02/2026 01:17:00"
"","82.41.176.1","82.41.179.254","netutils-mnt","02/02/2026 01:17:00"
"","82.41.184.1","82.41.187.254","netutils-mnt","02/02/2026 01:17:00"
"","82.41.188.1","82.41.191.254","netutils-mnt","02/02/2026 01:17:00"
"","82.41.204.1","82.41.207.254","netutils-mnt","02/02/2026 01:17:00"
"","82.41.212.1","82.41.215.254","netutils-mnt","02/02/2026 01:17:00"
"","82.41.224.1","82.41.227.254","netutils-mnt","02/02/2026 01:17:00"
"","82.41.228.1","82.41.231.254","netutils-mnt","02/02/2026 01:17:00"
"","82.41.44.1","82.41.47.254","netutils-mnt","02/02/2026 01:17:00"
"","82.41.52.1","82.41.55.254","netutils-mnt","02/02/2026 01:17:00"
"","82.41.68.1","82.41.71.254","netutils-mnt","02/02/2026 01:17:00"
"","82.41.80.1","82.41.83.254","netutils-mnt","02/02/2026 01:17:00"
"","82.41.88.1","82.41.91.254","netutils-mnt","02/02/2026 01:17:00"
"","151.245.120.1","151.245.120.254","netutils-mnt","02/02/2026 01:17:01"
"","209.42.27.1","209.42.27.254","lir-uk-whgi-1-MNT","02/02/2026 01:17:09"
"","85.155.102.1","85.155.102.254","PRISM-MNT","02/02/2026 01:17:10"
"","144.31.48.1","144.31.48.254","interlir-mnt","02/02/2026 01:17:10"
"","185.219.0.1","185.219.0.254","it-kmesrl-1-mnt","02/02/2026 01:17:14"
"","185.219.1.1","185.219.1.254","it-kmesrl-1-mnt","02/02/2026 01:17:14"
"","185.219.2.1","185.219.2.254","it-kmesrl-1-mnt","02/02/2026 01:17:14"
"","185.219.3.1","185.219.3.254","it-kmesrl-1-mnt","02/02/2026 01:17:14"
"GIGAS HOSTING SA - GIGAS TELCO","89.26.144.1","89.26.159.254","AS9186-MNT","02/02/2026 01:17:19"
"","87.199.144.1","87.199.147.254","TELKAB-MNT","02/02/2026 01:17:39"
"Terc Trade Company","213.155.24.1","213.155.27.254","TERC-TRADE-COMPANY","02/02/2026 01:17:53"
"Terc Trade Company","213.155.24.1","213.155.24.254","TERC-TRADE-COMPANY","02/02/2026 01:17:53"
"Terc Trade Company","213.155.25.1","213.155.25.254","TERC-TRADE-COMPANY","02/02/2026 01:17:53"
"Terc Trade Company","213.155.26.1","213.155.26.254","TERC-TRADE-COMPANY","02/02/2026 01:17:53"
"Terc Trade Company","213.155.27.1","213.155.27.254","TERC-TRADE-COMPANY","02/02/2026 01:17:53"
"Terc Trade Company","95.133.232.1","95.133.235.254","TERC-TRADE-COMPANY","02/02/2026 01:17:53"
"Terc Trade Company","95.133.232.1","95.133.232.254","TERC-TRADE-COMPANY","02/02/2026 01:17:53"
"Terc Trade Company","95.133.233.1","95.133.233.254","TERC-TRADE-COMPANY","02/02/2026 01:17:53"
"Terc Trade Company","95.133.234.1","95.133.234.254","TERC-TRADE-COMPANY","02/02/2026 01:17:53"
"Terc Trade Company","95.133.235.1","95.133.235.254","TERC-TRADE-COMPANY","02/02/2026 01:17:53"
"","85.155.98.1","85.155.98.254","WEYRO-MNT","02/02/2026 01:17:56"
"","138.249.115.1","138.249.115.254","IP-RIPE","02/02/2026 01:17:56"
"","213.243.21.1","213.243.21.254","AS12978-MNT","02/02/2026 01:18:05"
"","88.80.14.1","88.80.14.254","ELASTX-MNT","02/02/2026 01:18:08"
"","169.40.104.1","169.40.104.254","netutils-mnt","02/02/2026 01:18:11"
"","178.83.207.1","178.83.207.254","netutils-mnt","02/02/2026 01:18:34"
"","45.91.14.1","45.91.14.254","WYBT-MNT","02/02/2026 01:18:38"
"","195.54.56.1","195.54.57.254","nl-conclusion-1-mnt","02/02/2026 01:18:48"
"","195.54.56.1","195.54.56.254","nl-conclusion-1-mnt","02/02/2026 01:18:48"
"","195.54.57.1","195.54.57.254","nl-conclusion-1-mnt","02/02/2026 01:18:48"
"","193.7.223.1","193.7.223.254","LIR-ADMIN-MNT","02/02/2026 01:18:48"
"","185.132.248.1","185.132.251.254","WN54357-MNT","02/02/2026 01:18:48"
"","45.158.159.1","45.158.159.254","WN54357-MNT","02/02/2026 01:18:48"
"JETNET AS","5.133.24.1","5.133.27.254","WN54357-MNT","02/02/2026 01:18:48"
"JETNET route-object--5-133-28--22","5.133.28.1","5.133.31.254","LIR-ADMIN-MNT","02/02/2026 01:18:48"
"International Plus","5.253.68.1","5.253.68.254","LIR-ADMIN-MNT","02/02/2026 01:18:48"
"","193.7.220.1","193.7.223.254","WN54357-MNT","02/02/2026 01:18:48"
"International Plus","5.253.69.1","5.253.69.254","LIR-ADMIN-MNT","02/02/2026 01:18:48"
"International Plus","5.253.70.1","5.253.70.254","LIR-ADMIN-MNT","02/02/2026 01:18:48"
"International Plus","5.253.71.1","5.253.71.254","LIR-ADMIN-MNT","02/02/2026 01:18:48"
"","193.7.221.1","193.7.221.254","LIR-ADMIN-MNT","02/02/2026 01:18:48"
"","193.7.222.1","193.7.222.254","LIR-ADMIN-MNT","02/02/2026 01:18:48"
"","194.14.1.1","194.14.1.254","MNT-ADVANIA-AB","02/02/2026 01:18:58"
"","212.25.214.1","212.25.215.254","GIPC-ORIGIN-MNT","02/02/2026 01:19:03"
"","212.25.216.1","212.25.223.254","GIPC-ORIGIN-MNT","02/02/2026 01:19:03"
"HETZNER-DC","87.99.128.1","87.99.255.254","HOS-GUN","02/02/2026 01:19:06"
"","93.90.128.1","93.90.135.254","MNT-ITELLIGENCE","02/02/2026 05:50:00"
"MTS Novosibirsk","188.75.214.1","188.75.215.254","MTU-NOC","02/02/2026 01:19:12"
"FIBRAVALENCIA","5.59.16.1","5.59.16.254","COPROSYS-MNT","02/02/2026 01:19:21"
"FIBRAVALENCIA","5.59.17.1","5.59.17.254","COPROSYS-MNT","02/02/2026 01:19:21"
"FIBRAVALENCIA","5.59.18.1","5.59.18.254","COPROSYS-MNT","02/02/2026 01:19:21"
"FIBRAVALENCIA","5.59.19.1","5.59.19.254","COPROSYS-MNT","02/02/2026 01:19:21"
"FIBRAVALENCIA","5.59.20.1","5.59.20.254","COPROSYS-MNT","02/02/2026 01:19:21"
"FIBRAVALENCIA","5.59.21.1","5.59.21.254","COPROSYS-MNT","02/02/2026 01:19:21"
"FIBRAVALENCIA","5.59.237.1","5.59.237.254","COPROSYS-MNT","02/02/2026 01:19:21"
"FIBRAVALENCIA","5.59.22.1","5.59.22.254","COPROSYS-MNT","02/02/2026 01:19:21"
"FIBRAVALENCIA","5.59.23.1","5.59.23.254","COPROSYS-MNT","02/02/2026 01:19:21"
"FIBRAVALENCIA","5.59.234.1","5.59.234.254","COPROSYS-MNT","02/02/2026 01:19:21"
"FIBRAVALENCIA","5.59.235.1","5.59.235.254","COPROSYS-MNT","02/02/2026 01:19:21"
"FIBRAVALENCIA","5.59.236.1","5.59.236.254","COPROSYS-MNT","02/02/2026 01:19:21"
"","91.212.19.1","91.212.19.254","VIBEGAMES-MNT","02/02/2026 01:19:37"
"","141.98.49.1","141.98.49.254","MERIC-MNT","02/02/2026 01:19:50"
"ITS Technology Group LTD","212.212.32.1","212.212.63.254","AS3257-IPAM-MNT","02/02/2026 01:19:55"
"","217.70.8.1","217.70.8.254","lir-ua-dneprcom-1-MNT","02/02/2026 01:19:57"
"","213.177.164.1","213.177.164.254","lir-tr-docotr-1-MNT","02/02/2026 01:20:19"
"Softnet","45.15.44.1","45.15.45.254","AS9119-MNT","02/02/2026 01:20:21"
"Softnet","45.15.46.1","45.15.46.254","AS9119-MNT","02/02/2026 01:20:21"
"Romania","84.41.113.1","84.41.113.254","AS9119-MNT","02/02/2026 01:20:21"
"","155.117.230.1","155.117.230.254","netutils-mnt","02/02/2026 01:20:26"
"","85.137.228.1","85.137.231.254","SERVETHEWORLD-MNT","02/02/2026 01:20:53"
"","213.244.32.1","213.244.47.254","de-telemark-1-mnt","02/02/2026 01:21:06"
"","194.76.185.1","194.76.185.254","lir-no-orisdental-1-MNT","02/02/2026 01:21:35"
"","155.117.233.1","155.117.233.254","netutils-mnt","02/02/2026 01:21:45"
"","155.117.234.1","155.117.234.254","netutils-mnt","02/02/2026 01:21:45"
"","195.196.92.1","195.196.92.254","BD-NOC","02/02/2026 01:21:48"
"Code200","213.169.226.1","213.169.227.254","AS3257-IPAM-MNT","02/02/2026 01:22:07"
"Code200","213.169.230.1","213.169.231.254","AS3257-IPAM-MNT","02/02/2026 01:22:07"
"Code200","213.169.228.1","213.169.229.254","AS3257-IPAM-MNT","02/02/2026 01:22:07"
"Code200","213.169.224.1","213.169.225.254","AS3257-IPAM-MNT","02/02/2026 01:22:07"
"","151.247.56.1","151.247.63.254","netutils-mnt","02/02/2026 01:22:08"
"Code200","62.105.200.1","62.105.203.254","AS3257-IPAM-MNT","02/02/2026 01:22:08"
"Code200","82.119.201.1","82.119.201.254","AS3257-IPAM-MNT","02/02/2026 01:22:08"
"Code200","82.119.203.1","82.119.203.254","AS3257-IPAM-MNT","02/02/2026 01:22:08"
"Code200","62.105.204.1","62.105.205.254","AS3257-IPAM-MNT","02/02/2026 01:22:08"
"Code200","87.82.52.1","87.82.53.254","AS3257-IPAM-MNT","02/02/2026 01:22:08"
"Code200","82.119.200.1","82.119.200.254","AS3257-IPAM-MNT","02/02/2026 01:22:08"
"Code200","82.119.202.1","82.119.202.254","AS3257-IPAM-MNT","02/02/2026 01:22:08"
"","89.125.224.1","89.125.239.254","interlir-mnt","02/02/2026 01:22:08"
"Code200","213.169.208.1","213.169.211.254","AS3257-IPAM-MNT","02/02/2026 01:22:08"
"Code200","195.172.130.1","195.172.131.254","AS3257-IPAM-MNT","02/02/2026 01:22:08"
"Code200","195.172.132.1","195.172.135.254","AS3257-IPAM-MNT","02/02/2026 01:22:08"
"","91.217.206.1","91.217.206.254","AS56655-MNT","02/02/2026 01:22:08"
"Code200","213.169.212.1","213.169.215.254","AS3257-IPAM-MNT","02/02/2026 01:22:08"
"","185.55.81.1","185.55.81.254","lir-de-sds-1-MNT","02/02/2026 01:22:23"
"","82.40.55.1","82.40.55.254","netutils-mnt","02/02/2026 01:22:31"
"","168.222.192.1","168.222.192.254","REGRU-MNT","02/02/2026 01:22:34"
"","168.222.193.1","168.222.193.254","REGRU-MNT","02/02/2026 01:22:34"
"","168.222.195.1","168.222.195.254","REGRU-MNT","02/02/2026 01:22:34"
"","168.222.194.1","168.222.194.254","REGRU-MNT","02/02/2026 01:22:35"
"","163.5.82.1","163.5.82.254","netutils-mnt","02/02/2026 01:22:40"
"","185.129.84.1","185.129.87.254","GHOSTNET-MNT","02/02/2026 01:22:44"
"","89.43.135.1","89.43.135.254","MNT-EWRO","02/02/2026 01:22:47"
"","128.0.7.1","128.0.7.254","MNT-EWRO","02/02/2026 01:22:47"
"","146.66.112.1","146.66.127.254","ZEN-MNT","02/02/2026 01:22:47"
"","82.68.240.1","82.68.255.254","ZEN-MNT","02/02/2026 01:22:47"
"","146.66.64.1","146.66.79.254","ZEN-MNT","02/02/2026 01:22:47"
"","82.68.32.1","82.68.47.254","ZEN-MNT","02/02/2026 01:22:47"
"","146.66.96.1","146.66.111.254","ZEN-MNT","02/02/2026 01:22:47"
"","146.66.80.1","146.66.95.254","ZEN-MNT","02/02/2026 01:22:47"
"","82.68.48.1","82.68.63.254","ZEN-MNT","02/02/2026 01:22:47"
"","82.68.64.1","82.68.79.254","ZEN-MNT","02/02/2026 01:22:47"
"","82.68.80.1","82.68.95.254","ZEN-MNT","02/02/2026 01:22:47"
"","82.68.96.1","82.68.111.254","ZEN-MNT","02/02/2026 01:22:47"
"","82.69.0.1","82.69.15.254","ZEN-MNT","02/02/2026 01:22:47"
"","82.69.112.1","82.69.127.254","ZEN-MNT","02/02/2026 01:22:47"
"","82.69.128.1","82.69.143.254","ZEN-MNT","02/02/2026 01:22:47"
"","217.155.0.1","217.155.15.254","ZEN-MNT","02/02/2026 01:22:47"
"","82.69.144.1","82.69.159.254","ZEN-MNT","02/02/2026 01:22:47"
"","217.155.112.1","217.155.127.254","ZEN-MNT","02/02/2026 01:22:47"
"","82.69.16.1","82.69.31.254","ZEN-MNT","02/02/2026 01:22:47"
"","217.155.128.1","217.155.143.254","ZEN-MNT","02/02/2026 01:22:47"
"","82.69.160.1","82.69.175.254","ZEN-MNT","02/02/2026 01:22:47"
"","217.155.144.1","217.155.159.254","ZEN-MNT","02/02/2026 01:22:48"
"","82.69.176.1","82.69.191.254","ZEN-MNT","02/02/2026 01:22:48"
"","212.23.0.1","212.23.15.254","ZEN-MNT","02/02/2026 01:22:48"
"","82.69.192.1","82.69.207.254","ZEN-MNT","02/02/2026 01:22:48"
"","82.69.224.1","82.69.239.254","ZEN-MNT","02/02/2026 01:22:48"
"","217.155.16.1","217.155.31.254","ZEN-MNT","02/02/2026 01:22:48"
"","82.69.208.1","82.69.223.254","ZEN-MNT","02/02/2026 01:22:48"
"","82.69.240.1","82.69.255.254","ZEN-MNT","02/02/2026 01:22:48"
"","217.155.160.1","217.155.175.254","ZEN-MNT","02/02/2026 01:22:48"
"","212.23.16.1","212.23.31.254","ZEN-MNT","02/02/2026 01:22:48"
"","82.69.48.1","82.69.63.254","ZEN-MNT","02/02/2026 01:22:48"
"","82.69.32.1","82.69.47.254","ZEN-MNT","02/02/2026 01:22:48"
"","217.155.176.1","217.155.191.254","ZEN-MNT","02/02/2026 01:22:48"
"","51.148.160.1","51.148.175.254","ZEN-MNT","02/02/2026 01:22:48"
"","217.155.192.1","217.155.207.254","ZEN-MNT","02/02/2026 01:22:48"
"","82.69.64.1","82.69.79.254","ZEN-MNT","02/02/2026 01:22:48"
"","82.71.224.1","82.71.239.254","ZEN-MNT","02/02/2026 01:22:48"
"","82.69.80.1","82.69.95.254","ZEN-MNT","02/02/2026 01:22:48"
"","51.148.176.1","51.148.191.254","ZEN-MNT","02/02/2026 01:22:48"
"","82.69.96.1","82.69.111.254","ZEN-MNT","02/02/2026 01:22:48"
"","51.148.192.1","51.148.207.254","ZEN-MNT","02/02/2026 01:22:48"
"","217.155.208.1","217.155.223.254","ZEN-MNT","02/02/2026 01:22:48"
"","51.148.208.1","51.148.223.254","ZEN-MNT","02/02/2026 01:22:48"
"","217.155.224.1","217.155.239.254","ZEN-MNT","02/02/2026 01:22:48"
"","82.71.0.1","82.71.15.254","ZEN-MNT","02/02/2026 01:22:48"
"","51.148.224.1","51.148.239.254","ZEN-MNT","02/02/2026 01:22:48"
"","217.155.240.1","217.155.255.254","ZEN-MNT","02/02/2026 01:22:48"
"","51.148.240.1","51.148.255.254","ZEN-MNT","02/02/2026 01:22:48"
"","82.71.112.1","82.71.127.254","ZEN-MNT","02/02/2026 01:22:48"
"","82.71.32.1","82.71.47.254","ZEN-MNT","02/02/2026 01:22:48"
"","217.155.32.1","217.155.47.254","ZEN-MNT","02/02/2026 01:22:48"
"","82.71.128.1","82.71.143.254","ZEN-MNT","02/02/2026 01:22:48"
"","51.148.32.1","51.148.47.254","ZEN-MNT","02/02/2026 01:22:48"
"","217.155.48.1","217.155.63.254","ZEN-MNT","02/02/2026 01:22:48"
"","82.71.48.1","82.71.63.254","ZEN-MNT","02/02/2026 01:22:48"
"","82.71.144.1","82.71.159.254","ZEN-MNT","02/02/2026 01:22:48"
"","51.148.48.1","51.148.63.254","ZEN-MNT","02/02/2026 01:22:48"
"","217.155.64.1","217.155.79.254","ZEN-MNT","02/02/2026 01:22:48"
"","51.148.64.1","51.148.79.254","ZEN-MNT","02/02/2026 01:22:48"
"","82.71.64.1","82.71.79.254","ZEN-MNT","02/02/2026 01:22:48"
"","217.155.80.1","217.155.95.254","ZEN-MNT","02/02/2026 01:22:48"
"","82.71.16.1","82.71.31.254","ZEN-MNT","02/02/2026 01:22:48"
"","82.71.80.1","82.71.95.254","ZEN-MNT","02/02/2026 01:22:48"
"","217.155.96.1","217.155.111.254","ZEN-MNT","02/02/2026 01:22:48"
"","51.148.80.1","51.148.95.254","ZEN-MNT","02/02/2026 01:22:48"
"","82.71.96.1","82.71.111.254","ZEN-MNT","02/02/2026 01:22:48"
"","82.71.160.1","82.71.175.254","ZEN-MNT","02/02/2026 01:22:48"
"","51.148.96.1","51.148.111.254","ZEN-MNT","02/02/2026 01:22:48"
"","82.71.176.1","82.71.191.254","ZEN-MNT","02/02/2026 01:22:48"
"","88.97.0.1","88.97.15.254","ZEN-MNT","02/02/2026 01:22:48"
"","51.148.0.1","51.148.15.254","ZEN-MNT","02/02/2026 01:22:48"
"","82.71.192.1","82.71.207.254","ZEN-MNT","02/02/2026 01:22:48"
"","88.97.104.1","88.97.111.254","ZEN-MNT","02/02/2026 01:22:48"
"","51.148.112.1","51.148.127.254","ZEN-MNT","02/02/2026 01:22:48"
"","88.97.16.1","88.97.31.254","ZEN-MNT","02/02/2026 01:22:48"
"","51.155.0.1","51.155.15.254","ZEN-MNT","02/02/2026 01:22:49"
"","88.97.32.1","88.97.47.254","ZEN-MNT","02/02/2026 01:22:49"
"","51.148.128.1","51.148.143.254","ZEN-MNT","02/02/2026 01:22:49"
"","82.71.208.1","82.71.223.254","ZEN-MNT","02/02/2026 01:22:49"
"","88.97.48.1","88.97.63.254","ZEN-MNT","02/02/2026 01:22:49"
"","51.155.112.1","51.155.127.254","ZEN-MNT","02/02/2026 01:22:49"
"","51.148.144.1","51.148.159.254","ZEN-MNT","02/02/2026 01:22:49"
"","88.98.128.1","88.98.143.254","ZEN-MNT","02/02/2026 01:22:49"
"","51.155.128.1","51.155.143.254","ZEN-MNT","02/02/2026 01:22:49"
"","51.148.16.1","51.148.31.254","ZEN-MNT","02/02/2026 01:22:49"
"","88.98.144.1","88.98.159.254","ZEN-MNT","02/02/2026 01:22:49"
"","51.155.144.1","51.155.159.254","ZEN-MNT","02/02/2026 01:22:49"
"","51.155.16.1","51.155.31.254","ZEN-MNT","02/02/2026 01:22:49"
"","62.3.80.1","62.3.95.254","ZEN-MNT","02/02/2026 01:22:49"
"","51.155.160.1","51.155.175.254","ZEN-MNT","02/02/2026 01:22:49"
"","88.97.64.1","88.97.71.254","ZEN-MNT","02/02/2026 01:22:49"
"","51.155.176.1","51.155.191.254","ZEN-MNT","02/02/2026 01:22:49"
"","88.97.72.1","88.97.79.254","ZEN-MNT","02/02/2026 01:22:49"
"","88.98.16.1","88.98.16.254","ZEN-MNT","02/02/2026 01:22:49"
"","51.155.192.1","51.155.207.254","ZEN-MNT","02/02/2026 01:22:49"
"","51.155.208.1","51.155.223.254","ZEN-MNT","02/02/2026 01:22:49"
"","88.97.88.1","88.97.89.254","ZEN-MNT","02/02/2026 01:22:49"
"","62.3.96.1","62.3.111.254","ZEN-MNT","02/02/2026 01:22:49"
"","88.98.160.1","88.98.163.254","ZEN-MNT","02/02/2026 01:22:49"
"","51.155.224.1","51.155.239.254","ZEN-MNT","02/02/2026 01:22:49"
"","51.155.240.1","51.155.255.254","ZEN-MNT","02/02/2026 01:22:49"
"","88.97.90.1","88.97.91.254","ZEN-MNT","02/02/2026 01:22:49"
"","88.98.164.1","88.98.167.254","ZEN-MNT","02/02/2026 01:22:49"
"","77.104.128.1","77.104.143.254","ZEN-MNT","02/02/2026 01:22:49"
"","51.155.32.1","51.155.47.254","ZEN-MNT","02/02/2026 01:22:49"
"","88.98.17.1","88.98.17.254","ZEN-MNT","02/02/2026 01:22:49"
"","51.155.48.1","51.155.63.254","ZEN-MNT","02/02/2026 01:22:49"
"","77.104.144.1","77.104.159.254","ZEN-MNT","02/02/2026 01:22:49"
"","77.104.160.1","77.104.175.254","ZEN-MNT","02/02/2026 01:22:49"
"","51.155.64.1","51.155.79.254","ZEN-MNT","02/02/2026 01:22:49"
"","88.97.96.1","88.97.103.254","ZEN-MNT","02/02/2026 01:22:49"
"","77.104.176.1","77.104.191.254","ZEN-MNT","02/02/2026 01:22:49"
"","51.155.80.1","51.155.95.254","ZEN-MNT","02/02/2026 01:22:49"
"","88.98.170.1","88.98.170.254","ZEN-MNT","02/02/2026 01:22:49"
"","88.98.171.1","88.98.171.254","ZEN-MNT","02/02/2026 01:22:49"
"","88.98.0.1","88.98.7.254","ZEN-MNT","02/02/2026 01:22:49"
"","51.155.96.1","51.155.111.254","ZEN-MNT","02/02/2026 01:22:49"
"","82.68.0.1","82.68.15.254","ZEN-MNT","02/02/2026 01:22:49"
"","62.3.112.1","62.3.127.254","ZEN-MNT","02/02/2026 01:22:49"
"","88.98.172.1","88.98.173.254","ZEN-MNT","02/02/2026 01:22:49"
"","82.68.112.1","82.68.127.254","ZEN-MNT","02/02/2026 01:22:49"
"","88.98.174.1","88.98.175.254","ZEN-MNT","02/02/2026 01:22:49"
"","82.68.128.1","82.68.143.254","ZEN-MNT","02/02/2026 01:22:49"
"","88.98.184.1","88.98.191.254","ZEN-MNT","02/02/2026 01:22:49"
"","82.68.144.1","82.68.159.254","ZEN-MNT","02/02/2026 01:22:49"
"","62.3.64.1","62.3.79.254","ZEN-MNT","02/02/2026 01:22:49"
"","88.98.176.1","88.98.183.254","ZEN-MNT","02/02/2026 01:22:49"
"","82.68.16.1","82.68.31.254","ZEN-MNT","02/02/2026 01:22:49"
"","82.68.176.1","82.68.191.254","ZEN-MNT","02/02/2026 01:22:49"
"","82.68.160.1","82.68.175.254","ZEN-MNT","02/02/2026 01:22:49"
"","82.68.192.1","82.68.207.254","ZEN-MNT","02/02/2026 01:22:49"
"","88.98.8.1","88.98.15.254","ZEN-MNT","02/02/2026 01:22:49"
"","88.98.22.1","88.98.22.254","ZEN-MNT","02/02/2026 01:22:49"
"","82.68.208.1","82.68.223.254","ZEN-MNT","02/02/2026 01:22:49"
"","88.98.80.1","88.98.95.254","ZEN-MNT","02/02/2026 01:22:49"
"","88.98.23.1","88.98.23.254","ZEN-MNT","02/02/2026 01:22:49"
"","82.68.224.1","82.68.239.254","ZEN-MNT","02/02/2026 01:22:49"
"","88.98.24.1","88.98.27.254","ZEN-MNT","02/02/2026 01:22:49"
"","88.98.28.1","88.98.31.254","ZEN-MNT","02/02/2026 01:22:49"
"","88.98.32.1","88.98.47.254","ZEN-MNT","02/02/2026 01:22:49"
"","88.98.48.1","88.98.63.254","ZEN-MNT","02/02/2026 01:22:49"
"","88.98.64.1","88.98.79.254","ZEN-MNT","02/02/2026 01:22:49"
"","158.173.48.1","158.173.48.254","PREFIXBROKER-MNT","02/02/2026 01:22:56"
"","158.173.50.1","158.173.50.254","PREFIXBROKER-MNT","02/02/2026 01:22:56"
"","185.192.68.1","185.192.68.254","PREFIXBROKER-MNT","02/02/2026 01:22:56"
"","85.137.232.1","85.137.235.254","MNT-SACLAKNETWORK","02/02/2026 01:23:13"
"","103.160.58.1","103.160.58.254","IP-RIPE","02/02/2026 01:23:29"
"","212.122.86.1","212.122.87.254","AS5CI-MNT","02/02/2026 01:23:29"
"","185.197.182.1","185.197.182.254","WHITELABEL-MNT","02/02/2026 01:23:41"
"","195.24.237.1","195.24.237.254","lir-ir-amingostar-1-MNT","02/02/2026 01:23:54"
"","153.51.190.1","153.51.190.254","lir-md-cseurope-1-MNT","02/02/2026 01:23:54"
"","185.73.125.1","185.73.125.254","interlir-mnt","02/02/2026 01:23:54"
"","217.60.192.1","217.60.192.254","GOLD-MNT","02/02/2026 01:23:54"
"","185.215.247.1","185.215.247.254","Parsun-MNT","02/02/2026 01:23:54"
"","212.56.58.1","212.56.59.254","LFRAM-MNT","02/02/2026 01:24:18"
"","144.31.183.1","144.31.183.254","NUXTCLOUD-MNT","02/09/2026 00:01:13"
"","82.38.96.1","82.38.96.254","netutils-mnt","02/02/2026 01:24:25"
"","167.148.119.1","167.148.119.254","netutils-mnt","02/02/2026 05:56:06"
"","178.83.152.1","178.83.152.254","netutils-mnt","02/02/2026 05:56:07"
"","178.83.161.1","178.83.161.254","netutils-mnt","02/02/2026 05:56:07"
"","89.126.228.1","89.126.228.254","netutils-mnt","02/02/2026 05:56:08"
"","213.177.165.1","213.177.165.254","ARGO-MNT","02/02/2026 01:24:33"
"","206.203.56.1","206.203.56.254","mnt-ipbroker","02/02/2026 01:24:44"
"","206.203.59.1","206.203.59.254","mnt-ipbroker","02/02/2026 01:24:44"
"","206.203.60.1","206.203.60.254","mnt-ipbroker","02/02/2026 01:24:44"
"","206.203.58.1","206.203.58.254","mnt-ipbroker","02/02/2026 01:24:44"
"","206.203.57.1","206.203.57.254","mnt-ipbroker","02/02/2026 01:24:44"
"","206.203.61.1","206.203.61.254","mnt-ipbroker","02/02/2026 01:24:44"
"","206.203.62.1","206.203.62.254","mnt-ipbroker","02/02/2026 01:24:44"
"","206.203.63.1","206.203.63.254","mnt-ipbroker","02/02/2026 01:24:44"
"Vodafone","90.244.192.1","90.244.207.254","VODAFONE-WORLDWIDE-MNTNER","02/02/2026 01:24:56"
"Nauka-Svyaz","193.105.11.1","193.105.11.254","NAUKANET-MNT","02/02/2026 01:25:02"
"","185.214.44.1","185.214.44.254","it-yottanet-1-mnt","02/02/2026 01:25:12"
"","192.207.46.1","192.207.46.254","AS5603-MNT","02/02/2026 01:25:13"
"","93.171.232.1","93.171.233.254","RIPE-DB-MNT","02/02/2026 01:25:15"
"","45.137.14.1","45.137.14.254","mnt-ipbroker","02/02/2026 01:25:36"
"","194.26.132.1","194.26.132.254","MEANIE-MNT","02/02/2026 01:25:44"
"","194.99.64.1","194.99.64.254","MEANIE-MNT","02/02/2026 01:25:44"
"","141.98.208.1","141.98.208.254","MEANIE-MNT","02/02/2026 01:25:44"
"","185.221.60.1","185.221.60.254","MEANIE-MNT","02/02/2026 01:25:44"
"","91.208.59.1","91.208.59.254","MEANIE-MNT","02/02/2026 01:25:44"
"","185.5.129.1","185.5.129.254","MEANIE-MNT","02/02/2026 01:25:44"
"","190.123.24.1","190.123.31.254","INGENIERIA-RYT","02/02/2026 01:26:01"
"","2.58.124.1","2.58.127.254","IPSMAIN","02/02/2026 01:26:04"
"","77.83.152.1","77.83.155.254","IPSMAIN","02/02/2026 01:26:04"
"Mobile Telesystems Kaluga branch, broadband access","81.195.148.1","81.195.148.254","MTU-NOC","02/02/2026 01:26:12"
"Hjelm Enterprises customers","31.22.95.1","31.22.95.254","MNT-NOACKHOSTING","02/02/2026 01:26:17"
"","65.181.123.1","65.181.123.254","A2HOSTING-MNT","02/02/2026 01:26:19"
"","217.12.44.1","217.12.47.254","MNT-GT","02/02/2026 01:26:28"
"REY-TECHNOLOGY","194.169.158.1","194.169.158.254","MNT-INIT7-NOC","02/02/2026 01:26:29"
"","185.201.171.1","185.201.171.254","lir-uk-abovebar-1-MNT","02/02/2026 01:26:31"
"","151.243.198.1","151.243.199.254","netutils-mnt","02/02/2026 01:27:09"
"","169.40.32.1","169.40.35.254","netutils-mnt","02/02/2026 01:27:09"
"","185.9.78.1","185.9.78.254","NECSTEL-MNT","02/02/2026 01:27:12"
"","185.20.45.1","185.20.45.254","NECSTEL-MNT","02/02/2026 01:27:12"
"94.198.185.0/24","94.198.185.1","94.198.185.254","de-cloudandheat-1-mnt","02/02/2026 01:27:28"
"","109.204.144.1","109.204.159.254","mnt-fi-oulun1-1","02/02/2026 01:28:02"
"","109.204.136.1","109.204.143.254","mnt-fi-oulun1-1","02/02/2026 01:28:02"
"","213.177.190.1","213.177.190.254","lir-ch-stiftungksgr-1-MNT","02/02/2026 01:28:03"
"swhosting.com","81.25.118.1","81.25.118.254","MNT-SWEB1","02/02/2026 01:28:08"
"swhosting.com","81.25.119.1","81.25.119.254","MNT-SWEB1","02/02/2026 01:28:08"
"swhosting.com","185.61.124.1","185.61.124.254","MNT-SWEB1","02/02/2026 01:28:08"
"swhosting.com","185.61.126.1","185.61.126.254","MNT-SWEB1","02/02/2026 01:28:08"
"swhosting.com","81.25.112.1","81.25.112.254","MNT-SWEB1","02/02/2026 01:28:08"
"swhosting.com","81.25.121.1","81.25.121.254","MNT-SWEB1","02/02/2026 01:28:08"
"swhosting.com","81.25.120.1","81.25.120.254","MNT-SWEB1","02/02/2026 01:28:08"
"swhosting.com","185.61.127.1","185.61.127.254","MNT-SWEB1","02/02/2026 01:28:08"
"swhosting.com","185.61.125.1","185.61.125.254","MNT-SWEB1","02/02/2026 01:28:08"
"swhosting.com","81.25.122.1","81.25.122.254","MNT-SWEB1","02/02/2026 01:28:08"
"swhosting.com","81.25.124.1","81.25.124.254","MNT-SWEB1","02/02/2026 01:28:08"
"swhosting.com","81.25.113.1","81.25.113.254","MNT-SWEB1","02/02/2026 01:28:08"
"swhosting.com","81.25.117.1","81.25.117.254","MNT-SWEB1","02/02/2026 01:28:08"
"swhosting.com","81.25.126.1","81.25.126.254","MNT-SWEB1","02/02/2026 01:28:08"
"swhosting.com","81.25.115.1","81.25.115.254","MNT-SWEB1","02/02/2026 01:28:08"
"swhosting.com","81.25.123.1","81.25.123.254","MNT-SWEB1","02/02/2026 01:28:08"
"swhosting.com","81.25.125.1","81.25.125.254","MNT-SWEB1","02/02/2026 01:28:08"
"swhosting.com","81.25.127.1","81.25.127.254","MNT-SWEB1","02/02/2026 01:28:08"
"swhosting.com","81.25.116.1","81.25.116.254","MNT-SWEB1","02/02/2026 01:28:08"
"swhosting.com","81.25.114.1","81.25.114.254","MNT-SWEB1","02/02/2026 01:28:08"
"","185.61.137.1","185.61.137.254","BLAZINGFAST-MNT","02/02/2026 01:28:14"
"","185.61.138.1","185.61.138.254","BLAZINGFAST-MNT","02/02/2026 01:28:14"
"","185.240.89.1","185.240.89.254","mnt-ipbroker","02/02/2026 01:28:19"
"","185.240.88.1","185.240.88.254","mnt-ipbroker","02/02/2026 01:28:19"
"","155.212.255.1","155.212.255.254","IP-RIPE","02/02/2026 01:28:32"
"","155.212.253.1","155.212.253.254","IP-RIPE","02/02/2026 01:28:32"
"","155.212.252.1","155.212.252.254","IP-RIPE","02/02/2026 01:28:32"
"","155.212.252.1","155.212.255.254","IP-RIPE","02/02/2026 01:28:32"
"","155.212.254.1","155.212.254.254","IP-RIPE","02/02/2026 01:28:32"
"","212.91.21.1","212.91.21.254","ATMAN-MNT","02/02/2026 01:28:33"
"Skytel Network","213.177.188.1","213.177.188.254","lir-ge-ltdhighline1-1-MNT","02/02/2026 01:28:39"
"","91.92.248.1","91.92.248.254","mnt-es-hosters-1","02/02/2026 01:28:41"
"","91.92.249.1","91.92.249.254","mnt-es-hosters-1","02/02/2026 01:28:41"
"","72.251.208.1","72.251.208.254","protonmail-mnt","02/02/2026 01:28:44"
"","72.251.211.1","72.251.211.254","protonmail-mnt","02/02/2026 01:28:44"
"","72.251.215.1","72.251.215.254","protonmail-mnt","02/02/2026 01:28:44"
"","72.251.216.1","72.251.216.254","protonmail-mnt","02/02/2026 01:28:44"
"","72.251.209.1","72.251.209.254","protonmail-mnt","02/02/2026 01:28:44"
"","72.251.217.1","72.251.217.254","protonmail-mnt","02/02/2026 01:28:44"
"","72.251.212.1","72.251.212.254","protonmail-mnt","02/02/2026 01:28:44"
"","72.251.210.1","72.251.210.254","protonmail-mnt","02/02/2026 01:28:44"
"","72.251.213.1","72.251.213.254","protonmail-mnt","02/02/2026 01:28:44"
"","72.251.214.1","72.251.214.254","protonmail-mnt","02/02/2026 01:28:44"
"","85.155.96.1","85.155.96.254","HOSTOFF-MNT","02/02/2026 01:28:47"
"","85.155.101.1","85.155.101.254","HOSTOFF-MNT","02/02/2026 01:28:47"
"","82.152.216.1","82.152.216.254","netutils-mnt","02/02/2026 01:28:57"
"","82.152.219.1","82.152.219.254","netutils-mnt","02/02/2026 01:28:57"
"","82.152.221.1","82.152.221.254","netutils-mnt","02/02/2026 01:28:57"
"","82.152.218.1","82.152.218.254","netutils-mnt","02/02/2026 01:28:57"
"","82.152.217.1","82.152.217.254","netutils-mnt","02/02/2026 01:28:57"
"","82.152.220.1","82.152.220.254","netutils-mnt","02/02/2026 01:28:57"
"","82.152.244.1","82.152.244.254","netutils-mnt","02/02/2026 01:28:57"
"","82.152.222.1","82.152.222.254","netutils-mnt","02/02/2026 01:28:57"
"","82.153.102.1","82.153.102.254","netutils-mnt","02/02/2026 01:28:57"
"","82.153.106.1","82.153.106.254","MNT-GCICOM","02/02/2026 01:28:57"
"","82.153.112.1","82.153.112.254","netutils-mnt","02/02/2026 01:28:57"
"","82.153.114.1","82.153.114.254","netutils-mnt","02/02/2026 01:28:57"
"","82.153.113.1","82.153.113.254","netutils-mnt","02/02/2026 01:28:57"
"","82.152.223.1","82.152.223.254","netutils-mnt","02/02/2026 01:28:57"
"","82.153.101.1","82.153.101.254","netutils-mnt","02/02/2026 01:28:57"
"","82.153.103.1","82.153.103.254","netutils-mnt","02/02/2026 01:28:57"
"","82.153.116.1","82.153.116.254","netutils-mnt","02/02/2026 01:28:57"
"","82.153.111.1","82.153.111.254","netutils-mnt","02/02/2026 01:28:57"
"","82.153.115.1","82.153.115.254","netutils-mnt","02/02/2026 01:28:57"
"","82.153.120.1","82.153.120.254","netutils-mnt","02/02/2026 01:28:57"
"","82.153.124.1","82.153.124.254","netutils-mnt","02/02/2026 01:28:57"
"","82.153.117.1","82.153.117.254","netutils-mnt","02/02/2026 01:28:57"
"","82.153.121.1","82.153.121.254","netutils-mnt","02/02/2026 01:28:57"
"","82.153.99.1","82.153.99.254","netutils-mnt","02/02/2026 01:28:57"
"","82.153.122.1","82.153.122.254","netutils-mnt","02/02/2026 01:28:57"
"","82.153.118.1","82.153.118.254","netutils-mnt","02/02/2026 01:28:57"
"","82.153.125.1","82.153.125.254","netutils-mnt","02/02/2026 01:28:57"
"","82.153.126.1","82.153.126.254","netutils-mnt","02/02/2026 01:28:57"
"","82.153.123.1","82.153.123.254","netutils-mnt","02/02/2026 01:28:57"
"","82.153.119.1","82.153.119.254","netutils-mnt","02/02/2026 01:28:57"
"","82.153.127.1","82.153.127.254","netutils-mnt","02/02/2026 01:28:57"
"","89.213.67.1","89.213.67.254","netutils-mnt","02/02/2026 01:28:57"
"","89.213.75.1","89.213.75.254","netutils-mnt","02/02/2026 01:28:57"
"","82.152.115.1","82.152.115.254","netutils-mnt","02/02/2026 01:28:57"
"","89.213.68.1","89.213.68.254","netutils-mnt","02/02/2026 01:28:57"
"","89.213.76.1","89.213.76.254","netutils-mnt","02/02/2026 01:28:57"
"","82.152.117.1","82.152.117.254","netutils-mnt","02/02/2026 01:28:57"
"","82.152.120.1","82.152.120.254","netutils-mnt","02/02/2026 01:28:57"
"","82.152.197.1","82.152.197.254","netutils-mnt","02/02/2026 01:28:57"
"","82.152.205.1","82.152.205.254","netutils-mnt","02/02/2026 01:28:57"
"","89.213.77.1","89.213.77.254","netutils-mnt","02/02/2026 01:28:57"
"","89.213.69.1","89.213.69.254","netutils-mnt","02/02/2026 01:28:57"
"","82.152.192.1","82.152.192.254","netutils-mnt","02/02/2026 01:28:57"
"","82.152.198.1","82.152.198.254","netutils-mnt","02/02/2026 01:28:57"
"","82.152.206.1","82.152.206.254","netutils-mnt","02/02/2026 01:28:57"
"","89.213.78.1","89.213.78.254","netutils-mnt","02/02/2026 01:28:57"
"","89.213.70.1","89.213.70.254","netutils-mnt","02/02/2026 01:28:57"
"","82.152.199.1","82.152.199.254","netutils-mnt","02/02/2026 01:28:57"
"","82.152.193.1","82.152.193.254","netutils-mnt","02/02/2026 01:28:57"
"","82.152.207.1","82.152.207.254","netutils-mnt","02/02/2026 01:28:57"
"","89.213.71.1","89.213.71.254","netutils-mnt","02/02/2026 01:28:57"
"","89.213.79.1","89.213.79.254","netutils-mnt","02/02/2026 01:28:57"
"","89.213.72.1","89.213.72.254","netutils-mnt","02/02/2026 01:28:57"
"","89.213.73.1","89.213.73.254","netutils-mnt","02/02/2026 01:28:57"
"","82.152.200.1","82.152.200.254","netutils-mnt","02/02/2026 01:28:57"
"","82.152.208.1","82.152.208.254","netutils-mnt","02/02/2026 01:28:57"
"","89.213.64.1","89.213.64.254","netutils-mnt","02/02/2026 01:28:57"
"","82.152.209.1","82.152.209.254","netutils-mnt","02/02/2026 01:28:57"
"","82.152.210.1","82.152.210.254","netutils-mnt","02/02/2026 01:28:57"
"","82.152.194.1","82.152.194.254","netutils-mnt","02/02/2026 01:28:57"
"","82.152.211.1","82.152.211.254","netutils-mnt","02/02/2026 01:28:57"
"","82.152.201.1","82.152.201.254","netutils-mnt","02/02/2026 01:28:57"
"","81.168.63.1","81.168.63.254","netutils-mnt","02/02/2026 01:28:57"
"","89.213.65.1","89.213.65.254","netutils-mnt","02/02/2026 01:28:57"
"","82.152.213.1","82.152.213.254","netutils-mnt","02/02/2026 01:28:57"
"","82.152.113.1","82.152.113.254","netutils-mnt","02/02/2026 01:28:57"
"","89.213.66.1","89.213.66.254","netutils-mnt","02/02/2026 01:28:57"
"","89.213.74.1","89.213.74.254","netutils-mnt","02/02/2026 01:28:57"
"","82.152.195.1","82.152.195.254","netutils-mnt","02/02/2026 01:28:57"
"","185.179.124.1","185.179.124.254","Kapteyan-MNT","02/02/2026 01:28:57"
"","82.152.202.1","82.152.202.254","netutils-mnt","02/02/2026 01:28:57"
"","82.152.196.1","82.152.196.254","netutils-mnt","02/02/2026 01:28:57"
"","82.152.214.1","82.152.214.254","netutils-mnt","02/02/2026 01:28:57"
"","82.152.114.1","82.152.114.254","netutils-mnt","02/02/2026 01:28:57"
"","82.152.212.1","82.152.212.254","netutils-mnt","02/02/2026 01:28:57"
"","82.152.215.1","82.152.215.254","netutils-mnt","02/02/2026 01:28:57"
"","82.152.203.1","82.152.203.254","netutils-mnt","02/02/2026 01:28:57"
"","82.152.204.1","82.152.204.254","netutils-mnt","02/02/2026 01:28:57"
"ArexImBank Route","91.226.235.1","91.226.235.254","MNT-GNC","02/02/2026 01:28:59"
"SEVEREN-B2B-MSK-NET","176.221.24.1","176.221.27.254","SEVEREN-MNT","02/02/2026 01:29:10"
"","178.95.208.1","178.95.211.254","netutils-mnt","02/02/2026 01:29:17"
"","185.159.87.1","185.159.87.254","lir-cy-intrahost-1-MNT","02/02/2026 01:29:24"
"","31.59.38.1","31.59.39.254","GOLD-MNT","02/02/2026 01:29:44"
"","31.59.39.1","31.59.39.254","GOLD-MNT","02/02/2026 01:29:44"
"Mahbub","31.59.38.1","31.59.38.254","GOLD-MNT","02/02/2026 01:29:44"
"","185.134.216.1","185.134.216.254","MNT-EXPEREO","02/02/2026 01:30:02"
"","185.134.218.1","185.134.218.254","MNT-EXPEREO","02/02/2026 01:30:02"
"","185.134.217.1","185.134.217.254","MNT-EXPEREO","02/02/2026 01:30:02"
"","185.134.219.1","185.134.219.254","MNT-EXPEREO","02/02/2026 01:30:02"
"","45.146.196.1","45.146.196.254","MNT-EXPEREO","02/02/2026 01:30:02"
"","185.201.201.1","185.201.201.254","MNT-EXPEREO","02/02/2026 01:30:02"
"","185.201.203.1","185.201.203.254","MNT-EXPEREO","02/02/2026 01:30:02"
"","45.146.198.1","45.146.198.254","MNT-EXPEREO","02/02/2026 01:30:02"
"","185.213.100.1","185.213.100.254","MNT-EXPEREO","02/02/2026 01:30:02"
"","185.213.102.1","185.213.102.254","MNT-EXPEREO","02/02/2026 01:30:02"
"","45.146.197.1","45.146.197.254","MNT-EXPEREO","02/02/2026 01:30:02"
"","185.201.200.1","185.201.200.254","MNT-EXPEREO","02/02/2026 01:30:02"
"","185.201.202.1","185.201.202.254","MNT-EXPEREO","02/02/2026 01:30:02"
"","45.146.199.1","45.146.199.254","MNT-EXPEREO","02/02/2026 01:30:02"
"","185.213.103.1","185.213.103.254","MNT-EXPEREO","02/02/2026 01:30:02"
"","185.213.101.1","185.213.101.254","MNT-EXPEREO","02/02/2026 01:30:02"
"","185.213.105.1","185.213.105.254","MNT-EXPEREO","02/02/2026 01:30:02"
"","185.213.104.1","185.213.104.254","MNT-EXPEREO","02/02/2026 01:30:02"
"","185.217.208.1","185.217.208.254","MNT-EXPEREO","02/02/2026 01:30:02"
"","185.219.31.1","185.219.31.254","MNT-EXPEREO","02/02/2026 01:30:02"
"","185.217.209.1","185.217.209.254","MNT-EXPEREO","02/02/2026 01:30:02"
"","185.217.210.1","185.217.210.254","MNT-EXPEREO","02/02/2026 01:30:02"
"","185.219.29.1","185.219.29.254","MNT-EXPEREO","02/02/2026 01:30:02"
"","185.221.250.1","185.221.250.254","MNT-EXPEREO","02/02/2026 01:30:02"
"","45.94.174.1","45.94.174.254","MNT-EXPEREO","02/02/2026 01:30:02"
"","45.94.175.1","45.94.175.254","MNT-EXPEREO","02/02/2026 01:30:02"
"","185.213.106.1","185.213.106.254","MNT-EXPEREO","02/02/2026 01:30:02"
"","185.219.30.1","185.219.30.254","MNT-EXPEREO","02/02/2026 01:30:02"
"","185.213.107.1","185.213.107.254","MNT-EXPEREO","02/02/2026 01:30:02"
"","185.228.191.1","185.228.191.254","MNT-EXPEREO","02/02/2026 01:30:02"
"","185.234.220.1","185.234.220.254","MNT-EXPEREO","02/02/2026 01:30:02"
"","185.221.251.1","185.221.251.254","MNT-EXPEREO","02/02/2026 01:30:02"
"","185.217.211.1","185.217.211.254","MNT-EXPEREO","02/02/2026 01:30:02"
"","185.234.221.1","185.234.221.254","MNT-EXPEREO","02/02/2026 01:30:02"
"","185.221.248.1","185.221.248.254","MNT-EXPEREO","02/02/2026 01:30:02"
"","193.160.129.1","193.160.129.254","MNT-EXPEREO","02/02/2026 01:30:02"
"","45.94.172.1","45.94.172.254","MNT-EXPEREO","02/02/2026 01:30:02"
"","185.52.208.1","185.52.208.254","MNT-EXPEREO","02/02/2026 01:30:02"
"","185.234.222.1","185.234.222.254","MNT-EXPEREO","02/02/2026 01:30:02"
"","185.221.249.1","185.221.249.254","MNT-EXPEREO","02/02/2026 01:30:02"
"","45.94.173.1","45.94.173.254","MNT-EXPEREO","02/02/2026 01:30:02"
"","45.94.181.1","45.94.181.254","MNT-EXPEREO","02/02/2026 01:30:02"
"","185.85.80.1","185.85.80.254","MNT-EXPEREO","02/02/2026 01:30:02"
"","185.234.223.1","185.234.223.254","MNT-EXPEREO","02/02/2026 01:30:02"
"","45.94.206.1","45.94.206.254","MNT-EXPEREO","02/02/2026 01:30:02"
"","185.52.209.1","185.52.209.254","MNT-EXPEREO","02/02/2026 01:30:02"
"","45.94.182.1","45.94.182.254","MNT-EXPEREO","02/02/2026 01:30:02"
"","185.85.81.1","185.85.81.254","MNT-EXPEREO","02/02/2026 01:30:02"
"","45.94.196.1","45.94.196.254","MNT-EXPEREO","02/02/2026 01:30:02"
"","185.52.210.1","185.52.210.254","MNT-EXPEREO","02/02/2026 01:30:02"
"","45.94.207.1","45.94.207.254","MNT-EXPEREO","02/02/2026 01:30:02"
"","45.94.183.1","45.94.183.254","MNT-EXPEREO","02/02/2026 01:30:02"
"","185.85.82.1","185.85.82.254","MNT-EXPEREO","02/02/2026 01:30:02"
"","45.94.197.1","45.94.197.254","MNT-EXPEREO","02/02/2026 01:30:02"
"","185.52.211.1","185.52.211.254","MNT-EXPEREO","02/02/2026 01:30:02"
"","45.94.198.1","45.94.198.254","MNT-EXPEREO","02/02/2026 01:30:02"
"","185.85.83.1","185.85.83.254","MNT-EXPEREO","02/02/2026 01:30:02"
"","45.94.199.1","45.94.199.254","MNT-EXPEREO","02/02/2026 01:30:02"
"","193.160.128.1","193.160.128.254","MNT-EXPEREO","02/02/2026 01:30:02"
"","45.94.204.1","45.94.204.254","MNT-EXPEREO","02/02/2026 01:30:03"
"","45.94.205.1","45.94.205.254","MNT-EXPEREO","02/02/2026 01:30:03"
"","209.42.30.1","209.42.30.254","lir-uk-whgi-1-MNT","02/02/2026 01:30:08"
"","209.42.29.1","209.42.29.254","lir-uk-whgi-1-MNT","02/02/2026 01:30:08"
"","92.55.187.1","92.55.187.254","kz-ipnet-kar-tel-1-mnt","02/02/2026 01:30:14"
"","145.249.226.1","145.249.226.254","kz-ipnet-kar-tel-1-mnt","02/02/2026 01:30:16"
"","145.249.228.1","145.249.228.254","kz-ipnet-kar-tel-1-mnt","02/02/2026 01:30:16"
"","145.249.229.1","145.249.229.254","kz-ipnet-kar-tel-1-mnt","02/02/2026 01:30:16"
"","46.42.254.1","46.42.254.254","kz-ipnet-kar-tel-1-mnt","02/02/2026 01:30:17"
"","46.42.255.1","46.42.255.254","kz-ipnet-kar-tel-1-mnt","02/02/2026 01:30:17"
"","176.222.167.1","176.222.167.254","kz-ipnet-kar-tel-1-mnt","02/02/2026 01:30:17"
"2DAY Telecom LLP","5.34.4.1","5.34.4.254","kz-ipnet-kar-tel-1-mnt","02/02/2026 01:30:18"
"2DAY Telecom LLP","5.34.5.1","5.34.5.254","kz-ipnet-kar-tel-1-mnt","02/02/2026 01:30:18"
"","37.99.32.1","37.99.33.254","kz-ipnet-kar-tel-1-mnt","02/02/2026 01:30:18"
"","5.34.98.1","5.34.98.254","kz-ipnet-kar-tel-1-mnt","02/02/2026 01:30:19"
"","37.99.48.1","37.99.49.254","kz-ipnet-kar-tel-1-mnt","02/02/2026 01:30:19"
"","87.243.8.1","87.243.8.254","kz-ipnet-kar-tel-1-mnt","02/02/2026 01:30:20"
"","89.33.218.1","89.33.218.254","kz-ipnet-kar-tel-1-mnt","02/02/2026 01:30:20"
"","92.55.175.1","92.55.175.254","kz-ipnet-kar-tel-1-mnt","02/02/2026 01:30:20"
"","92.55.176.1","92.55.176.254","kz-ipnet-kar-tel-1-mnt","02/02/2026 01:30:21"
"","92.55.177.1","92.55.177.254","kz-ipnet-kar-tel-1-mnt","02/02/2026 01:30:21"
"","92.55.178.1","92.55.178.254","kz-ipnet-kar-tel-1-mnt","02/02/2026 01:30:21"
"","92.55.183.1","92.55.183.254","kz-ipnet-kar-tel-1-mnt","02/02/2026 01:30:21"
"","92.55.171.1","92.55.171.254","kz-ipnet-kar-tel-1-mnt","02/02/2026 01:30:21"
"","92.55.172.1","92.55.172.254","kz-ipnet-kar-tel-1-mnt","02/02/2026 01:30:21"
"","92.55.173.1","92.55.173.254","kz-ipnet-kar-tel-1-mnt","02/02/2026 01:30:21"
"HPWR","5.149.240.1","5.149.240.254","EURONETRT-MNT","02/02/2026 01:30:39"
"HPWR","5.149.243.1","5.149.243.254","EURONETRT-MNT","02/02/2026 01:30:39"
"HPWR","5.149.245.1","5.149.245.254","EURONETRT-MNT","02/02/2026 01:30:39"
"HPWR","5.149.244.1","5.149.244.254","EURONETRT-MNT","02/02/2026 01:30:39"
"HPWR","5.149.246.1","5.149.246.254","EURONETRT-MNT","02/02/2026 01:30:40"
"HPWR","5.149.241.1","5.149.241.254","EURONETRT-MNT","02/02/2026 01:30:40"
"HPWR","5.149.247.1","5.149.247.254","EURONETRT-MNT","02/02/2026 01:30:40"
"HPWR","5.149.242.1","5.149.242.254","EURONETRT-MNT","02/02/2026 01:30:40"
"","185.127.40.1","185.127.40.254","lir-az-az-net-1-MNT","02/02/2026 01:30:43"
"","91.239.189.1","91.239.189.254","wcd","02/09/2026 00:01:40"
"","82.39.206.1","82.39.207.254","netutils-mnt","02/02/2026 01:30:53"
"","109.95.16.1","109.95.19.254","KVARTAL-MNT","02/02/2026 01:31:06"
"","109.95.20.1","109.95.21.254","KVARTAL-MNT","02/02/2026 01:31:06"
"","109.95.22.1","109.95.22.254","KVARTAL-MNT","02/02/2026 01:31:06"
"","109.95.23.1","109.95.23.254","KVARTAL-MNT","02/02/2026 01:31:06"
"","46.174.116.1","46.174.116.254","KVARTAL-MNT","02/02/2026 01:31:06"
"","193.93.237.1","193.93.237.254","KVARTAL-MNT","02/02/2026 01:31:06"
"","46.174.117.1","46.174.117.254","KVARTAL-MNT","02/02/2026 01:31:06"
"","193.93.238.1","193.93.238.254","KVARTAL-MNT","02/02/2026 01:31:06"
"","155.117.147.1","155.117.147.254","netutils-mnt","02/02/2026 01:31:20"
"","193.35.148.1","193.35.148.254","nl-powerdnscom-1-mnt","02/02/2026 01:31:21"
"","193.35.149.1","193.35.149.254","nl-powerdnscom-1-mnt","02/02/2026 01:31:21"
"","193.35.150.1","193.35.151.254","nl-powerdnscom-1-mnt","02/02/2026 01:31:21"
"","212.115.52.1","212.115.52.254","mnt-hk-sakura-1","02/02/2026 01:31:31"
"A1_INFIGOIS","78.134.177.1","78.134.177.254","AS12810-MNT","02/02/2026 01:32:01"
"","155.212.233.1","155.212.233.254","lir-sc-aphroditegroup-1-MNT","02/02/2026 01:32:04"
"","209.42.31.1","209.42.31.254","lir-uk-whgi-1-MNT","02/02/2026 01:32:04"
"TISM","85.155.144.1","85.155.144.254","TISM-MNT","02/02/2026 01:32:08"
"TISM","85.155.145.1","85.155.145.254","TISM-MNT","02/02/2026 01:32:08"
"TISM","85.155.146.1","85.155.146.254","TISM-MNT","02/02/2026 01:32:08"
"TISM","85.155.147.1","85.155.147.254","TISM-MNT","02/02/2026 01:32:08"
"","194.238.57.1","194.238.57.254","interlir-mnt","02/02/2026 01:32:12"
"","109.229.208.1","109.229.215.254","TELENETSIA-MNT","02/02/2026 01:32:13"
"","109.229.192.1","109.229.207.254","TELENETSIA-MNT","02/02/2026 01:32:13"
"","88.135.144.1","88.135.151.254","TELENETSIA-MNT","02/02/2026 01:32:13"
"","88.135.156.1","88.135.159.254","TELENETSIA-MNT","02/02/2026 01:32:13"
"","88.135.128.1","88.135.143.254","TELENETSIA-MNT","02/02/2026 01:32:13"
"","93.90.136.1","93.90.143.254","MNT-ITELLIGENCE","02/02/2026 02:04:54"
"Vodafone Net DSL Block  BODRUM","176.218.159.1","176.218.159.254","KOCNET-NCC","02/02/2026 03:51:19"
"Vodafone Net DSL Block - CAMLICA","176.218.112.1","176.218.119.254","MNT-BORUSAN","02/02/2026 03:51:19"
"Vodafone Net DSL - ADANA","176.218.160.1","176.218.163.254","MNT-BORUSAN","02/02/2026 03:51:19"
"Vodafone Net DSL - ISTANBUL","176.218.160.1","176.218.160.254","MNT-BORUSAN","02/02/2026 03:51:19"
"Vodafone Net DSL Block","176.218.161.1","176.218.161.254","MNT-BORUSAN","02/02/2026 03:51:19"
"Vodafone_NET_SAKARYA_DSL","176.218.184.1","176.218.185.254","MNT-BORUSAN","02/02/2026 03:51:19"
"Vodafone Net DSL Block  ESENTEPE","176.218.220.1","176.218.223.254","KOCNET-NCC","02/02/2026 03:51:19"
"Vodafone Net DSL Block - ATAKOY","176.218.88.1","176.218.95.254","MNT-BORUSAN","02/02/2026 03:51:19"
"Vodafone Net DSL Block Bal?kesir","188.3.112.1","188.3.112.254","KOCNET-NCC","02/02/2026 03:51:19"
"Vodafone Net DSL Block","176.218.188.1","176.218.189.254","MNT-BORUSAN","02/02/2026 03:51:19"
"Vodafone Net DSL Block - SAMSUN","176.218.224.1","176.218.231.254","MNT-BORUSAN","02/02/2026 03:51:19"
"Vodafone Net DSL Block - CAMLICA","31.155.160.1","31.155.160.254","MNT-BORUSAN","02/02/2026 03:51:19"
"Vodafone Net DSL Block - FATIH","176.218.96.1","176.218.111.254","MNT-BORUSAN","02/02/2026 03:51:19"
"Vodafone Net DSL Block Bal?kesir","188.3.113.1","188.3.113.254","KOCNET-NCC","02/02/2026 03:51:19"
"Koc.net","188.3.0.1","188.3.255.254","KOCNET-NCC","02/02/2026 03:51:19"
"Vodafone Net DSL Block - CAMLICA","31.155.161.1","31.155.161.254","MNT-BORUSAN","02/02/2026 03:51:19"
"Vodafone Net DSL Block Balikesir","188.3.114.1","188.3.114.254","KOCNET-NCC","02/02/2026 03:51:19"
"VFNET Atakoy xDSL","188.3.0.1","188.3.31.254","KOCNET-NCC","02/02/2026 03:51:19"
"Vodafone Net DSL Block - CAMLICA","31.155.162.1","31.155.162.254","MNT-BORUSAN","02/02/2026 03:51:19"
"Vodafone Net DSL Block Balikesir","188.3.115.1","188.3.115.254","KOCNET-NCC","02/02/2026 03:51:19"
"Vodafone Net DSL Block - CAMLICA","31.155.163.1","31.155.163.254","MNT-BORUSAN","02/02/2026 03:51:19"
"Vodafone Net DSL Block - KAYSERI","188.3.0.1","188.3.7.254","MNT-BORUSAN","02/02/2026 03:51:19"
"Vodafone Net DSL Block - MANISA","188.3.116.1","188.3.119.254","MNT-BORUSAN","02/02/2026 03:51:19"
"Vodafone Net DSL Block - CAMLICA","31.155.164.1","31.155.164.254","MNT-BORUSAN","02/02/2026 03:51:19"
"Vodafone Net DSL - MERSIN","176.218.196.1","176.218.197.254","MNT-BORUSAN","02/02/2026 03:51:19"
"Vodafone Net DSL Block Manisa","188.3.116.1","188.3.116.254","KOCNET-NCC","02/02/2026 03:51:19"
"Vodafone Net DSL Block - CAMLICA","31.155.165.1","31.155.165.254","MNT-BORUSAN","02/02/2026 03:51:19"
"","188.3.0.1","188.3.1.254","KOCNET-NCC","02/02/2026 03:51:19"
"Vodafone Net DSL Block - CAMLICA","31.155.166.1","31.155.166.254","MNT-BORUSAN","02/02/2026 03:51:19"
"Vodafone Net DSL Block Manisa","188.3.117.1","188.3.117.254","KOCNET-NCC","02/02/2026 03:51:19"
"Vodafone Net DSL Block Samsun2","188.3.10.1","188.3.11.254","KOCNET-NCC","02/02/2026 03:51:19"
"Vodafone Net DSL Block - ACIBADEM","188.3.100.1","188.3.100.254","MNT-BORUSAN","02/02/2026 03:51:19"
"Vodafone Net DSL Block - CAMLICA","31.155.167.1","31.155.167.254","MNT-BORUSAN","02/02/2026 03:51:19"
"Vodafone Net DSL Block - ODM ANKARA","31.155.168.1","31.155.175.254","MNT-BORUSAN","02/02/2026 03:51:19"
"Vodafone Net DSL Block - HATAY","188.3.101.1","188.3.101.254","MNT-BORUSAN","02/02/2026 03:51:19"
"Vodafone Net DSL Block - ODM ANKARA","31.155.174.1","31.155.174.254","MNT-BORUSAN","02/02/2026 03:51:19"
"Vodafone Net DSL Block - GAYRETTEPE","188.3.102.1","188.3.102.254","MNT-BORUSAN","02/02/2026 03:51:19"
"Vodafone Net DSL Block - ODM ANKARA","31.155.175.1","31.155.175.254","MNT-BORUSAN","02/02/2026 03:51:19"
"Vodafone Net DSL Block - ERENKOY","188.3.103.1","188.3.103.254","MNT-BORUSAN","02/02/2026 03:51:19"
"Vodafone Net DSL Block - SAKARYA","31.155.176.1","31.155.179.254","MNT-BORUSAN","02/02/2026 03:51:19"
"","31.200.128.1","31.200.191.254","H3GIE-MNT","02/02/2026 05:14:20"
"Three Ireland (Hutchison)","62.40.32.1","62.40.63.254","H3GIE-MNT","02/02/2026 05:14:20"
"Three Ireland (Hutchison)","62.40.32.1","62.40.33.254","H3GIE-MNT","02/02/2026 05:14:20"
"Three Ireland (Hutchison)","62.40.34.1","62.40.34.254","H3GIE-MNT","02/02/2026 05:14:20"
"Three Ireland (Hutchison)","62.40.35.1","62.40.35.254","H3GIE-MNT","02/02/2026 05:14:20"
"Three Ireland (Hutchison)","62.40.36.1","62.40.37.254","H3GIE-MNT","02/02/2026 05:14:20"
"Three Ireland (Hutchison)","62.40.38.1","62.40.38.254","H3GIE-MNT","02/02/2026 05:14:20"
"Three Ireland (Hutchison)","62.40.40.1","62.40.43.254","H3GIE-MNT","02/02/2026 05:14:20"
"Three Ireland (Hutchison)","62.40.42.1","62.40.42.254","H3GIE-MNT","02/02/2026 05:14:20"
"Three Ireland (Hutchison)","62.40.43.1","62.40.43.254","H3GIE-MNT","02/02/2026 05:14:20"
"Three Ireland (Hutchison)","62.40.44.1","62.40.47.254","H3GIE-MNT","02/02/2026 05:14:20"
"Three Ireland (Hutchison)","62.40.48.1","62.40.63.254","H3GIE-MNT","02/02/2026 05:14:20"
"Three Ireland (Hutchison)","62.40.48.1","62.40.55.254","H3GIE-MNT","02/02/2026 05:14:20"
"Three Ireland (Hutchison)","62.40.48.1","62.40.51.254","H3GIE-MNT","02/02/2026 05:14:20"
"Three Ireland (Hutchison)","62.40.52.1","62.40.53.254","H3GIE-MNT","02/02/2026 05:14:20"
"Three Ireland (Hutchison)","62.40.54.1","62.40.55.254","H3GIE-MNT","02/02/2026 05:14:20"
"Three Ireland (Hutchison)","62.40.56.1","62.40.56.254","H3GIE-MNT","02/02/2026 05:14:20"
"Three Ireland (Hutchison)","62.40.57.1","62.40.57.254","H3GIE-MNT","02/02/2026 05:14:20"
"Three Ireland (Hutchison)","62.40.58.1","62.40.58.254","H3GIE-MNT","02/02/2026 05:14:20"
"Three Ireland (Hutchison)","62.40.59.1","62.40.59.254","H3GIE-MNT","02/02/2026 05:14:20"
"Three Ireland (Hutchison)","62.40.60.1","62.40.61.254","H3GIE-MNT","02/02/2026 05:14:20"
"Three Ireland (Hutchison)","62.40.62.1","62.40.62.254","H3GIE-MNT","02/02/2026 05:14:20"
"Three Ireland (Hutchison)","62.40.63.1","62.40.63.254","H3GIE-MNT","02/02/2026 05:14:20"
"","77.75.244.1","77.75.247.254","tonybuckley-mtr","02/02/2026 05:14:20"
"Three Ireland (Hutchison)","80.233.0.1","80.233.127.254","H3GIE-MNT","02/02/2026 05:14:20"
"Three Ireland (Hutchison) - Mobile Subscriber Pool","80.233.0.1","80.233.15.254","H3GIE-MNT","02/02/2026 05:14:20"
"Three Ireland (Hutchison) - Mobile Subscriber Pool","80.233.0.1","80.233.7.254","H3GIE-MNT","02/02/2026 05:14:20"
"","80.233.104.1","80.233.111.254","H3GIE-MNT","02/02/2026 05:14:20"
"Pre-PROD_CIT","80.233.114.1","80.233.114.254","H3GIE-MNT","02/02/2026 05:14:20"
"","80.233.117.1","80.233.117.254","H3GIE-MNT","02/02/2026 05:14:20"
"Pre-PROD_EQX","80.233.118.1","80.233.118.254","H3GIE-MNT","02/02/2026 05:14:20"
"Three Ireland Subscriber Range","80.233.12.1","80.233.15.254","IRLO2-MNT","02/02/2026 05:14:20"
"","80.233.12.1","80.233.12.254","H3GIE-MNT","02/02/2026 05:14:20"
"Three Ireland Infrastructure Range","80.233.120.1","80.233.121.254","IRLO2-MNT","02/02/2026 05:14:20"
"Three Ireland Infrastructure Range","80.233.120.1","80.233.120.254","IRLO2-MNT","02/02/2026 05:14:20"
"Three Ireland Infrastructure Range","80.233.121.1","80.233.121.254","IRLO2-MNT","02/02/2026 05:14:20"
"","80.233.122.1","80.233.122.254","H3GIE-MNT","02/02/2026 05:14:20"
"Three Ireland Infrastructure Range","80.233.124.1","80.233.124.254","IRLO2-MNT","02/02/2026 05:14:20"
"","80.233.126.1","80.233.127.254","H3GIE-MNT","02/02/2026 05:14:20"
"","80.233.16.1","80.233.31.254","H3GIE-MNT","02/02/2026 05:14:20"
"","80.233.32.1","80.233.63.254","H3GIE-MNT","02/02/2026 05:14:20"
"","80.233.32.1","80.233.47.254","H3GIE-MNT","02/02/2026 05:14:20"
"","80.233.48.1","80.233.63.254","H3GIE-MNT","02/02/2026 05:14:20"
"","80.233.48.1","80.233.55.254","H3GIE-MNT","02/02/2026 05:14:20"
"","80.233.60.1","80.233.60.254","H3GIE-MNT","02/02/2026 05:14:20"
"","80.233.61.1","80.233.61.254","H3GIE-MNT","02/02/2026 05:14:20"
"Three Ireland (Hutchison) - MBB Subscriber Pools","80.233.64.1","80.233.79.254","H3GIE-MNT","02/02/2026 05:14:20"
"Three Ireland (Hutchison) - Mobile Subscriber Pool","80.233.64.1","80.233.71.254","H3GIE-MNT","02/02/2026 05:14:20"
"","89.204.204.1","89.204.207.254","H3GIE-MNT","02/02/2026 05:14:20"
"Three Ireland (Hutchison)","89.204.223.1","89.204.223.254","H3GIE-MNT","02/02/2026 05:14:20"
"Three Ireland (Hutchison) - MNS Subscriber Block","89.204.224.1","89.204.239.254","H3GIE-MNT","02/02/2026 05:14:20"
"Three Ireland (Hutchison)","89.204.224.1","89.204.231.254","H3GIE-MNT","02/02/2026 05:14:20"
"Three Ireland (Hutchison)","89.204.232.1","89.204.239.254","H3GIE-MNT","02/02/2026 05:14:20"
"Three Ireland (Hutchison)","89.204.240.1","89.204.255.254","H3GIE-MNT","02/02/2026 05:14:20"
"Three Ireland (Hutchison)","89.204.240.1","89.204.247.254","H3GIE-MNT","02/02/2026 05:14:20"
"Three Ireland (Hutchison) - MNS Subscriber Block","89.204.240.1","89.204.241.254","H3GIE-MNT","02/02/2026 05:14:20"
"Three Ireland (Hutchison)","89.204.242.1","89.204.243.254","H3GIE-MNT","02/02/2026 05:14:20"
"Three Ireland (Hutchison) - MNS Subscriber Block","89.204.244.1","89.204.247.254","H3GIE-MNT","02/02/2026 05:14:20"
"Three Ireland (Hutchison)","89.204.247.1","89.204.247.254","H3GIE-MNT","02/02/2026 05:14:20"
"Three Ireland (Hutchison) - MNS Subscriber Block","89.204.248.1","89.204.255.254","H3GIE-MNT","02/02/2026 05:14:20"
"","92.251.128.1","92.251.255.254","H3GIE-MNT","02/02/2026 05:14:20"
"","92.251.128.1","92.251.191.254","H3GIE-MNT","02/02/2026 05:14:20"
"","92.251.192.1","92.251.207.254","H3GIE-MNT","02/02/2026 05:14:20"
"","92.251.208.1","92.251.215.254","H3GIE-MNT","02/02/2026 05:14:21"
"Three Ireland (Hutchison) - Mobile Subscriber Pool","92.251.212.1","92.251.215.254","H3GIE-MNT","02/02/2026 05:14:21"
"","92.251.216.1","92.251.223.254","H3GIE-MNT","02/02/2026 05:14:21"
"","92.251.224.1","92.251.239.254","H3GIE-MNT","02/02/2026 05:14:21"
"","92.251.240.1","92.251.247.254","H3GIE-MNT","02/02/2026 05:14:21"
"","92.251.248.1","92.251.251.254","H3GIE-MNT","02/02/2026 05:14:21"
"","92.251.252.1","92.251.253.254","H3GIE-MNT","02/02/2026 05:14:21"
"Three Ireland (Hutchison) - MBB open.internet APN","95.83.192.1","95.83.223.254","H3GIE-MNT","02/02/2026 05:14:21"
"","95.83.194.1","95.83.195.254","H3GIE-MNT","02/02/2026 05:14:21"
"","95.83.220.1","95.83.223.254","H3GIE-MNT","02/02/2026 05:14:21"
"","87.121.133.1","87.121.133.254","MNT-NETERRA","02/03/2026 00:09:44"
"","92.42.205.1","92.42.205.254","lir-ir-mojtaba-1-MNT","02/03/2026 00:15:11"
"Doris.Host","194.36.174.1","194.36.174.254","PTP-MNT","02/09/2026 00:12:20"
"","91.222.243.1","91.222.243.254","AMURCITY-MNT","02/03/2026 00:22:19"
"GITC ApS","193.234.88.1","193.234.88.254","RESILANS-MNT","02/03/2026 00:27:21"
"","77.91.112.1","77.91.119.254","lir-ge-ipteam-1-MNT","02/09/2026 00:01:39"
"","77.30.188.1","77.30.188.254","SAUDINET-STC","02/09/2026 00:01:55"
"","77.30.189.1","77.30.189.254","SAUDINET-STC","02/09/2026 00:01:55"
"","77.30.191.1","77.30.191.254","SAUDINET-STC","02/09/2026 00:01:55"
"","77.31.33.1","77.31.33.254","SAUDINET-STC","02/09/2026 00:01:55"
"","77.31.34.1","77.31.34.254","SAUDINET-STC","02/09/2026 00:01:55"
"","77.31.35.1","77.31.35.254","SAUDINET-STC","02/09/2026 00:01:55"
"","77.31.36.1","77.31.36.254","SAUDINET-STC","02/09/2026 00:01:56"
"","77.31.37.1","77.31.37.254","SAUDINET-STC","02/09/2026 00:01:56"
"","77.31.38.1","77.31.38.254","SAUDINET-STC","02/09/2026 00:01:56"
"","77.31.39.1","77.31.39.254","SAUDINET-STC","02/09/2026 00:01:56"
"","77.31.40.1","77.31.40.254","SAUDINET-STC","02/09/2026 00:01:56"
"","77.31.41.1","77.31.41.254","SAUDINET-STC","02/09/2026 00:01:56"
"","77.31.42.1","77.31.42.254","SAUDINET-STC","02/09/2026 00:01:56"
"","77.31.43.1","77.31.43.254","SAUDINET-STC","02/09/2026 00:01:56"
"","77.31.44.1","77.31.44.254","SAUDINET-STC","02/09/2026 00:01:56"
"","77.31.45.1","77.31.45.254","SAUDINET-STC","02/09/2026 00:01:56"
"","77.31.46.1","77.31.46.254","SAUDINET-STC","02/09/2026 00:01:56"
"","77.31.47.1","77.31.47.254","SAUDINET-STC","02/09/2026 00:01:55"
"","77.31.48.1","77.31.48.254","SAUDINET-STC","02/09/2026 00:01:55"
"","77.31.49.1","77.31.49.254","SAUDINET-STC","02/09/2026 00:01:55"
"","77.31.51.1","77.31.51.254","SAUDINET-STC","02/09/2026 00:01:56"
"","2.88.214.1","2.88.214.254","SAUDINET-STC","02/09/2026 00:02:04"
"","2.91.143.1","2.91.143.254","SAUDINET-STC","02/09/2026 00:02:06"
"","2.91.146.1","2.91.146.254","SAUDINET-STC","02/09/2026 00:02:07"
"","2.91.147.1","2.91.147.254","SAUDINET-STC","02/09/2026 00:02:07"
"","37.105.71.1","37.105.71.254","SAUDINET-STC","02/09/2026 00:02:08"
"","37.105.84.1","37.105.84.254","SAUDINET-STC","02/09/2026 00:02:14"
"","94.99.143.1","94.99.143.254","SAUDINET-STC","02/09/2026 00:02:25"
"","50.61.193.1","50.61.193.254","SAUDINET-STC","02/09/2026 00:02:25"
"","50.61.194.1","50.61.194.254","SAUDINET-STC","02/09/2026 00:02:25"
"","50.61.201.1","50.61.201.254","SAUDINET-STC","02/09/2026 00:02:26"
"","87.107.82.1","87.107.82.254","SINET-MNT","02/09/2026 00:01:05"
"","87.107.83.1","87.107.83.254","SINET-MNT","02/09/2026 00:01:05"
"","185.135.198.1","185.135.198.254","CHARTERDIGITAL-MNT","02/04/2026 00:27:13"
"","81.12.80.1","81.12.80.254","SINET-MNT","02/09/2026 00:01:23"
"","144.31.154.1","144.31.154.254","NUXTCLOUD-MNT","02/09/2026 00:01:13"
"","144.31.155.1","144.31.155.254","NUXTCLOUD-MNT","02/09/2026 00:01:13"
"Skelduz V4","195.242.192.1","195.242.193.254","lir-dk-skelduz-1-MNT","02/05/2026 00:14:39"
"","46.255.78.1","46.255.78.254","IP6NET","02/06/2026 00:25:50"
"","185.165.94.1","185.165.94.254","lir-uk-x-fibre-1-MNT","02/06/2026 00:26:41"
"","151.2.101.1","151.2.101.254","MNT-REEVO","02/09/2026 00:01:32"
"","151.2.102.1","151.2.103.254","MNT-REEVO","02/09/2026 00:01:32"
"","151.2.104.1","151.2.111.254","MNT-REEVO","02/09/2026 00:01:32"
"","151.2.96.1","151.2.99.254","MNT-REEVO","02/09/2026 00:01:32"
"","81.12.54.1","81.12.54.254","SINET-MNT","02/09/2026 00:01:05"
"","87.107.81.1","87.107.81.254","SINET-MNT","02/09/2026 00:01:05"
"","144.31.144.1","144.31.144.254","netutils-mnt","02/08/2026 00:30:40"
"","87.107.191.1","87.107.191.254","SINET-MNT","02/09/2026 00:01:23"
